"","EMY.chisq","EMY.p","EMY.FDR","EM.z","EM.p","MY.z","MY.p","annot"
"CHEBI:15428",2.23,0.135,0.932,1.1,0.27,-1.22,0.223,"glycine"
"CHEBI:16525",0.0809,0.776,0.953,-0.759,0.448,-3.28,0.00104,"taurochenodeoxycholate"
"CHEBI:15891",0.00976,0.921,0.977,-1.41,0.157,-1.77,0.0764,"taurine"
"CHEBI:15756",1,0.316,0.932,-0.796,0.426,0.478,0.633,"palmitate (16:0)"
"CHEBI:28834",0.271,0.603,0.932,-1.33,0.185,-0.261,0.794,"deoxycholate"
"CHEBI:17627",0.199,0.655,0.937,-1.12,0.263,-0.4,0.689,"heme"
"CHEBI:16359",0.115,0.735,0.953,-0.628,0.53,-0.958,0.338,"cholate"
"CHEBI:28865",0.0837,0.772,0.953,-0.747,0.455,-0.865,0.387,"taurocholate"
