"","EMY.chisq","EMY.p","EMY.FDR","EM.z","EM.p","MY.z","MY.p","annot"
"CHEBI:25858",1.81,0.178,0.932,-2.8,0.00514,0.921,0.357,"paraxanthine"
"CHEBI:28177",2.06,0.152,0.932,-2.41,0.0159,1.03,0.303,"theophylline"
"CHEBI:27732",1.55,0.213,0.932,-2.23,0.0257,0.797,0.425,"caffeine"
"CHEBI:48991",0.00109,0.974,0.986,-2.26,0.0239,-1.94,0.0527,"7-methylxanthine"
"CYP3A4",0.0282,0.867,0.915,-1.11,0.267,-1.91,0.0566,"Cytochrome P450 3A4"
"CHEBI:28946",0.0115,0.915,0.975,-1.8,0.0718,-1.37,0.17,"theobromine"
"CHEBI:32643",0.644,0.422,0.932,-1.9,0.0579,0.196,0.845,"5-acetylamino-6-formylamino-3-methyluracil"
"CHEBI:691622",0.63,0.428,0.932,-1.76,0.0789,0.183,0.855,"1,3,7-trimethylurate"
"CHEBI:17627",0.199,0.655,0.937,-1.12,0.263,-0.4,0.689,"heme"
