"","EMY.chisq","EMY.p","EMY.FDR","EM.z","EM.p","MY.z","MY.p","annot"
"CHEBI:28837",5.09,0.0241,0.734,2.32,0.0202,1.98,0.0481,"caprylate (8:0)"
"CHEBI:20067",3.5,0.0615,0.875,-2.84,0.00455,-1.54,0.123,"3-hydroxybutyrate (BHBA)"
"CHEBI:30813",1.97,0.161,0.887,0.992,0.321,3.74,0.000187,"caprate (10:0)"
"CHEBI:30805",3.88,0.0488,0.8,1.66,0.0977,2.13,0.0335,"laurate (12:0)"
"CHEBI:28875",4.32,0.0376,0.734,1.78,0.0752,1.87,0.0621,"myristate (14:0)"
"CHEBI:15344",2.84,0.0918,0.882,-1.34,0.179,-1.33,0.184,"acetoacetate"
"CHEBI:30794",1.9,0.168,0.887,-1.41,0.159,-0.96,0.337,"malonate"
"CHEBI:15756",1.28,0.259,0.887,0.897,0.37,0.648,0.517,"palmitate (16:0)"
"CHEBI:30776",0.404,0.525,0.887,0.32,0.749,-0.0623,0.95,"caproate (6:0)"
