"","EMY.chisq","EMY.p","EMY.FDR","EM.z","EM.p","MY.z","MY.p","annot"
"CHEBI:28837",5.23,0.0222,0.715,2.32,0.0202,2.01,0.0445,"caprylate (8:0)"
"CHEBI:20067",3.58,0.0586,0.841,-2.84,0.00455,-1.57,0.117,"3-hydroxybutyrate (BHBA)"
"CHEBI:30813",1.97,0.161,0.905,0.992,0.321,3.8,0.000145,"caprate (10:0)"
"CHEBI:30805",3.88,0.0488,0.79,1.66,0.0977,2.16,0.0306,"laurate (12:0)"
"CHEBI:28875",4.32,0.0376,0.733,1.78,0.0752,1.9,0.0577,"myristate (14:0)"
"CHEBI:15344",2.89,0.0894,0.849,-1.34,0.179,-1.35,0.177,"acetoacetate"
"CHEBI:30794",1.93,0.165,0.905,-1.41,0.159,-0.976,0.329,"malonate"
"CHEBI:15756",1.3,0.255,0.905,0.897,0.37,0.66,0.509,"palmitate (16:0)"
"CHEBI:30776",0,1,1,0.32,0.749,-0.0633,0.95,"caproate (6:0)"
