"","EMY.z","EMY.p","EMY.FDR","EM.z","EM.p","MY.z","MY.p","CHEBI"
"CHEBI:28837",2.01,0.0221,1,-2.36,0.0183,2.01,0.0442,"caprylate (8:0)"
"CHEBI:20067",1.55,0.0603,1,2.85,0.00434,-1.55,0.121,"3-hydroxybutyrate (BHBA)"
"CHEBI:30813",1.01,0.157,1,-1.01,0.313,3.82,0.000136,"caprate (10:0)"
"CHEBI:30805",1.69,0.0451,1,-1.69,0.0901,2.18,0.0291,"laurate (12:0)"
"CHEBI:28875",1.83,0.0339,1,-1.83,0.0678,1.92,0.0547,"myristate (14:0)"
"CHEBI:15344",1.34,0.0907,1,1.35,0.177,-1.34,0.181,"acetoacetate"
"CHEBI:30794",0.971,0.166,1,1.42,0.155,-0.971,0.331,"malonate"
"CHEBI:15756",0.686,0.246,1,-0.948,0.343,0.686,0.493,"palmitate (16:0)"
"CHEBI:30776",-100,1,1,-0.327,0.744,-0.0638,0.949,"caproate (6:0)"
