"","EMY.chisq","EMY.p","EMY.FDR","EM.z","EM.p","MY.z","MY.p","annot"
"CHEBI:17522",4.32,0.0376,0.734,2.04,0.0409,1.78,0.0753,"glycerol"
"CHEBI:28645",1.8,0.179,0.887,0.918,0.359,1.73,0.0844,"fructose"
"CHEBI:17268",0.00183,0.966,0.969,1.82,0.0683,-1.91,0.0563,"myo-inositol"
"CHEBI:17924",1.15,0.283,0.887,0.779,0.436,0.575,0.565,"mannitol/sorbitol"
"CHEBI:18367",0.413,0.521,0.887,0.551,0.581,-0.0516,0.959,"phosphate"
"CHEBI:17992",0.461,0.497,0.887,0.507,0.612,0.00692,0.994,"sucrose"
