"","EMY.chisq","EMY.p","EMY.FDR","EM.z","EM.p","MY.z","MY.p","annot"
"CHEBI:15741",2.07,0.15,0.887,1.74,0.0817,1.04,0.3,"succinate"
"ATP5B",0.00178,0.966,0.967,1.83,0.0674,-2.96,0.00304,"ATP synthase beta chain"
"CHEBI:18012",1.66,0.197,0.887,0.851,0.395,0.99,0.322,"fumarate"
"CYCS",1.14,0.286,0.934,0.566,0.572,1.19,0.234,"Cytochrome c"
"CHEBI:17627",0.0158,0.9,0.939,1.28,0.2,-1.78,0.0751,"heme"
"CHEBI:15978",1.02,0.312,0.887,1.06,0.291,0.491,0.623,"glycerol 3-phosphate"
"GAPDH",0.0204,0.886,0.934,1.21,0.227,-1.31,0.189,"GAPDH, liver"
"CHEBI:18367",0.413,0.521,0.887,0.551,0.581,-0.0516,0.959,"phosphate"
