"","in_pwy","impact","EMY.p","EMY.FDR","EM_dir.p","MY_dir.p","EM.t","EM.p","MY.t","MY.p","CHEBI"
"CHEBI:15741",TRUE,1.56,0.0709,0.933,0.0638,0.266,1.92,0.0638,1.13,0.266,"succinate"
"CHEBI:16919",TRUE,1.32,0.141,0.933,0.000459,0.376,3.91,0.000459,0.899,0.376,"creatine"
"CKB",TRUE,1.28,0.112,0.933,0.334,0.14,0.981,0.334,1.52,0.14,NA
"CHEBI:18012",TRUE,1.14,0.152,0.933,0.39,0.317,0.872,0.39,1.02,0.317,"fumarate"
"CHEBI:16199",TRUE,1.12,0.147,0.933,0.0545,0.383,2,0.0545,0.885,0.383,"urea"
"CHEBI:16015",TRUE,-1.29,0.865,0.935,0.669,0.93,0.432,0.669,0.0882,0.93,"glutamate"
"ARG1",TRUE,-1.71,0.937,0.961,0.968,0.0603,-1.92,0.0639,1.95,0.0603,NA
