"","in_pwy","impact","EMY.p","EMY.FDR","EM_dir.p","MY_dir.p","EM.t","EM.p","MY.t","MY.p","CHEBI"
"CHEBI:18019",TRUE,1.68,0.0668,0.933,0.259,0.223,1.15,0.259,1.24,0.223,"lysine"
"CHEBI:15741",TRUE,1.58,0.0709,0.933,0.0638,0.266,1.92,0.0638,1.13,0.266,"succinate"
"CHEBI:30915",TRUE,0.886,0.21,0.933,0.459,0.233,0.75,0.459,1.22,0.233,"alpha-ketoglutarate"
"CHEBI:16414",FALSE,0.0785,1.89e-05,0.013,0.000936,0.00434,3.65,0.000936,3.08,0.00434,"valine"
"CHEBI:15603",FALSE,0.0649,1.42e-05,0.013,0.000395,0.00376,3.96,0.000395,3.13,0.00376,"leucine"
"CHEBI:15428",TRUE,-0.881,0.801,0.933,0.261,0.895,-1.14,0.261,-0.133,0.895,"glycine"
"CHEBI:16680",TRUE,-1.02,0.841,0.935,0.115,0.917,1.62,0.115,-1.42,0.166,"S-adenosylhomocysteine (SAH)"
