"","in_pwy","impact","EMY.p","EMY.FDR","EM_dir.p","MY_dir.p","EM.t","EM.p","MY.t","MY.p","CHEBI"
"CHEBI:17895",TRUE,3.72,0.000434,0.116,0.0208,0.000464,2.43,0.0208,3.92,0.000464,"tyrosine"
"CHEBI:17295",FALSE,0.124,3.45e-05,0.0158,0.0022,0.00587,3.33,0.0022,2.96,0.00587,"phenylalanine"
"CHEBI:16414",FALSE,0.0709,1.89e-05,0.013,0.000936,0.00434,3.65,0.000936,3.08,0.00434,"valine"
"CHEBI:15603",FALSE,0.0586,1.42e-05,0.013,0.000395,0.00376,3.96,0.000395,3.13,0.00376,"leucine"
"CHEBI:16797",FALSE,0.0571,0.00814,0.418,0.0275,0.0902,2.31,0.0275,1.75,0.0902,"1-methylnicotinamide"
"DDC",TRUE,-0.766,0.768,0.933,0.0549,0.876,1.99,0.0549,-1.18,0.248,NA
"CHEBI:16680",TRUE,-1.03,0.841,0.935,0.115,0.917,1.62,0.115,-1.42,0.166,"S-adenosylhomocysteine (SAH)"
