"","in_pwy","impact","EMY.p","EMY.FDR","EM_dir.p","MY_dir.p","EM.t","EM.p","MY.t","MY.p","CHEBI"
"CHEBI:30797",FALSE,0.096,0.151,0.933,0.0613,0.389,1.94,0.0613,0.873,0.389,"malate"
"CHEBI:32816",FALSE,0.0738,0.0737,0.933,0.271,0.241,1.12,0.271,1.2,0.241,"pyruvate"
"CHEBI:17533",FALSE,0.0538,0.00263,0.226,0.0513,0.00822,2.02,0.0513,2.82,0.00822,"N-acetylglutamate"
"CHEBI:16977",FALSE,0.0537,0.00245,0.225,0.0495,0.0236,2.04,0.0495,2.38,0.0236,"alanine"
"CHEBI:16027",TRUE,-0.674,0.743,0.933,0.862,0.0675,1.11,0.276,-1.89,0.0675,"adenosine 5'-monophosphate (AMP)"
"CAT",TRUE,-0.749,0.768,0.933,0.877,0.124,1.18,0.247,-1.58,0.124,NA
"CHEBI:17627",TRUE,-0.887,0.812,0.933,0.901,0.0738,1.31,0.198,-1.85,0.0738,"heme"
