"","in_pwy","impact","EMY.p","EMY.FDR","EM_dir.p","MY_dir.p","EM.t","EM.p","MY.t","MY.p","CHEBI"
"CHEBI:28837",TRUE,3.7,0.00194,0.222,0.0183,0.044,2.49,0.0183,2.1,0.044,"caprylate (8:0)"
"CHEBI:28875",TRUE,3.13,0.0046,0.317,0.0678,0.0545,1.89,0.0678,2,0.0545,"myristate (14:0)"
"CHEBI:30805",TRUE,2.76,0.00812,0.418,0.0901,0.029,1.75,0.0901,2.29,0.029,"laurate (12:0)"
"CHEBI:30794",TRUE,2.61,0.11,0.933,0.155,0.332,-1.46,0.155,-0.986,0.332,"malonate"
"CHEBI:20067",TRUE,2.45,0.0146,0.65,0.00434,0.121,-3.07,0.00434,-1.6,0.121,"3-hydroxybutyrate (BHBA)"
"CHEBI:15344",TRUE,2.03,0.0329,0.893,0.177,0.181,-1.38,0.177,-1.37,0.181,"acetoacetate"
"CHEBI:30813",TRUE,1.75,0.0982,0.933,0.313,0.000129,1.02,0.313,4.37,0.000129,"caprate (10:0)"
