"","in_pwy","impact","EMY.p","EMY.FDR","EM_dir.p","MY_dir.p","EM.t","EM.p","MY.t","MY.p","CHEBI"
"CHEBI:28645",TRUE,1.49,0.121,0.933,0.348,0.0767,0.953,0.348,1.83,0.0767,"fructose"
"CHEBI:18367",TRUE,0.618,0.275,0.933,0.512,0.525,0.664,0.512,-0.0624,0.951,"phosphate"
"CHEBI:17924",TRUE,0.523,0.315,0.933,0.431,0.561,0.798,0.431,0.588,0.561,"mannitol/sorbitol"
"CHEBI:17522",FALSE,0.264,0.0045,0.317,0.036,0.0671,2.19,0.036,1.9,0.0671,"glycerol"
"COLEC11",FALSE,-0.106,0.924,0.956,0.961,0.00163,-1.82,0.0777,3.45,0.00163,NA
"CHEBI:17992",FALSE,-0.122,0.989,0.995,0.61,0.994,0.514,0.61,0.007,0.994,"sucrose"
"TPI1",TRUE,-0.86,0.796,0.933,0.892,0.153,1.26,0.216,-1.46,0.153,NA
