"","in_pwy","impact","EMY.p","EMY.FDR","EM_dir.p","MY_dir.p","EM.t","EM.p","MY.t","MY.p","CHEBI"
"CHEBI:16977",TRUE,2.95,0.00245,0.225,0.0495,0.0236,2.04,0.0495,2.38,0.0236,"alanine"
"CHEBI:32816",TRUE,1.53,0.0737,0.933,0.271,0.241,1.12,0.271,1.2,0.241,"pyruvate"
"CHEBI:30915",TRUE,0.835,0.21,0.933,0.459,0.233,0.75,0.459,1.22,0.233,"alpha-ketoglutarate"
"CHEBI:16414",FALSE,0.219,1.89e-05,0.013,0.000936,0.00434,3.65,0.000936,3.08,0.00434,"valine"
"CHEBI:17295",FALSE,0.202,3.45e-05,0.0158,0.0022,0.00587,3.33,0.0022,2.96,0.00587,"phenylalanine"
"GPT",TRUE,0.197,0.425,0.933,0.652,0.453,0.395,0.696,-0.76,0.453,NA
"CHEBI:16015",TRUE,-1.16,0.865,0.935,0.669,0.93,0.432,0.669,0.0882,0.93,"glutamate"
