"","in_pwy","impact","EMY.p","EMY.FDR","EM_dir.p","MY_dir.p","EM.t","EM.p","MY.t","MY.p","CHEBI"
"CHEBI:16977",FALSE,0.174,0.00245,0.225,0.0495,0.0236,2.04,0.0495,2.38,0.0236,"alanine"
"CHEBI:16414",FALSE,0.132,1.89e-05,0.013,0.000936,0.00434,3.65,0.000936,3.08,0.00434,"valine"
"CHEBI:17295",FALSE,0.112,3.45e-05,0.0158,0.0022,0.00587,3.33,0.0022,2.96,0.00587,"phenylalanine"
"CHEBI:18183",TRUE,-0.647,0.719,0.933,0.848,0.167,1.04,0.304,-1.41,0.167,"5-oxoproline"
"CHEBI:15428",TRUE,-0.897,0.801,0.933,0.261,0.895,-1.14,0.261,-0.133,0.895,"glycine"
"CHEBI:16015",TRUE,-1.2,0.865,0.935,0.669,0.93,0.432,0.669,0.0882,0.93,"glutamate"
"CHEBI:17561",TRUE,-1.2,0.864,0.935,0.0396,0.93,-2.15,0.0396,1.51,0.141,"cysteine"
