"","in_pwy","impact","EMY.p","EMY.FDR","EM_dir.p","MY_dir.p","EM.t","EM.p","MY.t","MY.p","CHEBI"
"CHEBI:16977",TRUE,3.17,0.00245,0.225,0.0495,0.0236,2.04,0.0495,2.38,0.0236,"alanine"
"CHEBI:16643",TRUE,1.71,0.067,0.933,0.259,0.00961,1.15,0.259,2.76,0.00961,"methionine"
"CHEBI:32816",TRUE,1.68,0.0737,0.933,0.271,0.241,1.12,0.271,1.2,0.241,"pyruvate"
"CHEBI:16919",TRUE,1.22,0.141,0.933,0.000459,0.376,3.91,0.000459,0.899,0.376,"creatine"
"CHEBI:15428",TRUE,-1.1,0.801,0.933,0.261,0.895,-1.14,0.261,-0.133,0.895,"glycine"
"CHEBI:17561",TRUE,-1.22,0.864,0.935,0.0396,0.93,-2.15,0.0396,1.51,0.141,"cysteine"
"CHEBI:16015",TRUE,-1.26,0.865,0.935,0.669,0.93,0.432,0.669,0.0882,0.93,"glutamate"
