"","in_pwy","impact","EMY.p","EMY.FDR","EM_dir.p","MY_dir.p","EM.t","EM.p","MY.t","MY.p","CHEBI"
"CHEBI:30831",TRUE,0.7,0.259,0.933,0.301,0.508,1.05,0.301,-0.0214,0.983,"alpha-ketobutyrate"
"CHEBI:17115",TRUE,0.666,0.264,0.933,0.208,0.514,-1.28,0.208,0.0352,0.972,"serine"
"CHEBI:17482",TRUE,0.336,0.386,0.933,0.537,0.622,0.625,0.537,0.499,0.622,"cystathionine"
"CHEBI:16414",FALSE,0.15,1.89e-05,0.013,0.000936,0.00434,3.65,0.000936,3.08,0.00434,"valine"
"CHEBI:15603",FALSE,0.124,1.42e-05,0.013,0.000395,0.00376,3.96,0.000395,3.13,0.00376,"leucine"
"CHEBI:17295",FALSE,0.117,3.45e-05,0.0158,0.0022,0.00587,3.33,0.0022,2.96,0.00587,"phenylalanine"
"CHEBI:17561",TRUE,-1.15,0.864,0.935,0.0396,0.93,-2.15,0.0396,1.51,0.141,"cysteine"
