"","in_pwy","impact","EMY.p","EMY.FDR","EM_dir.p","MY_dir.p","EM.t","EM.p","MY.t","MY.p","CHEBI"
"CHEBI:18367",TRUE,0.609,0.275,0.933,0.512,0.525,0.664,0.512,-0.0624,0.951,"phosphate"
"CMPK1",TRUE,0.362,0.363,0.933,0.603,0.353,0.262,0.795,-0.943,0.353,NA
"CHEBI:17712",FALSE,0.0609,0.0237,0.796,0.106,0.154,1.67,0.106,1.46,0.154,"xanthine"
"CHEBI:17568",FALSE,0.0548,0.0413,0.933,0.108,0.203,1.65,0.108,1.3,0.203,"uracil"
"NME1",FALSE,-0.0445,0.934,0.96,0.966,0.00271,1.9,0.0671,-3.26,0.00271,NA
"CHEBI:17050",FALSE,-0.0701,0.819,0.933,0.905,0.0569,1.34,0.19,-1.98,0.0569,"3-phosphoglycerate"
"NME2",TRUE,-0.873,0.802,0.933,0.201,0.896,1.31,0.201,-1.28,0.209,NA
