"","in_pwy","impact","EMY.p","EMY.FDR","EM_dir.p","MY_dir.p","EM.t","EM.p","MY.t","MY.p","CHEBI"
"CHEBI:30915",TRUE,0.834,0.21,0.933,0.459,0.233,0.75,0.459,1.22,0.233,"alpha-ketoglutarate"
"CHEBI:30797",FALSE,0.107,0.151,0.933,0.0613,0.389,1.94,0.0613,0.873,0.389,"malate"
"CHEBI:17865",FALSE,0.101,6.52e-05,0.0224,1.54e-05,0.00808,5.09,1.54e-05,2.83,0.00808,"4-methyl-2-oxopentanoate"
"CHEBI:30851",FALSE,0.0985,0.0177,0.677,0.0495,0.133,2.04,0.0495,1.54,0.133,"phenylpyruvate"
"CHEBI:16977",FALSE,0.0978,0.00245,0.225,0.0495,0.0236,2.04,0.0495,2.38,0.0236,"alanine"
"CHEBI:17053",TRUE,-0.537,0.695,0.933,0.21,0.834,1.28,0.21,-0.984,0.333,"aspartate"
"CHEBI:16015",TRUE,-1.15,0.865,0.935,0.669,0.93,0.432,0.669,0.0882,0.93,"glutamate"
