"","in_pwy","impact","EMY.p","EMY.FDR","EM_dir.p","MY_dir.p","EM.t","EM.p","MY.t","MY.p","CHEBI"
"CHEBI:15971",TRUE,0.538,0.305,0.933,9.81e-05,0.552,4.45,9.81e-05,0.601,0.552,"histidine"
"CHEBI:27596",TRUE,0.307,0.386,0.933,0.621,0.594,-0.499,0.621,0.241,0.811,"1-methylhistidine"
"CNDP1",FALSE,0.118,0.00549,0.36,8.55e-06,0.0741,5.29,8.55e-06,1.85,0.0741,NA
"CHEBI:16414",FALSE,0.0709,1.89e-05,0.013,0.000936,0.00434,3.65,0.000936,3.08,0.00434,"valine"
"CHEBI:15603",FALSE,0.0586,1.42e-05,0.013,0.000395,0.00376,3.96,0.000395,3.13,0.00376,"leucine"
"CHEBI:16797",FALSE,0.0571,0.00814,0.418,0.0275,0.0902,2.31,0.0275,1.75,0.0902,"1-methylnicotinamide"
"CHEBI:16680",TRUE,-1.01,0.841,0.935,0.115,0.917,1.62,0.115,-1.42,0.166,"S-adenosylhomocysteine (SAH)"
