"","in_pwy","impact","EMY.p","EMY.FDR","EM_dir.p","MY_dir.p","EM.t","EM.p","MY.t","MY.p","CHEBI"
"CHEBI:15741",TRUE,1.56,0.0709,0.933,0.0638,0.266,1.92,0.0638,1.13,0.266,"succinate"
"CHEBI:18012",TRUE,1.12,0.152,0.933,0.39,0.317,0.872,0.39,1.02,0.317,"fumarate"
"CHEBI:18367",TRUE,0.621,0.275,0.933,0.512,0.525,0.664,0.512,-0.0624,0.951,"phosphate"
"CHEBI:15978",TRUE,0.332,0.38,0.933,0.282,0.617,1.09,0.282,0.505,0.617,"glycerol 3-phosphate"
"CHEBI:17627",TRUE,-0.884,0.812,0.933,0.901,0.0738,1.31,0.198,-1.85,0.0738,"heme"
"GAPDH",TRUE,-1.01,0.838,0.935,0.15,0.916,1.47,0.15,-1.41,0.169,NA
"ATP5B",TRUE,-1.82,0.956,0.97,0.978,0.00203,2.09,0.0445,-3.37,0.00203,NA
