"","in_pwy","impact","EMY.p","EMY.FDR","EM_dir.p","MY_dir.p","EM.t","EM.p","MY.t","MY.p","CHEBI"
"CHEBI:16977",FALSE,0.0761,0.00245,0.225,0.0495,0.0236,2.04,0.0495,2.38,0.0236,"alanine"
"CHEBI:16414",FALSE,0.0527,1.89e-05,0.013,0.000936,0.00434,3.65,0.000936,3.08,0.00434,"valine"
"CHEBI:16643",FALSE,0.0489,0.067,0.933,0.259,0.00961,1.15,0.259,2.76,0.00961,"methionine"
"CHEBI:18050",FALSE,-0.0492,0.945,0.965,0.204,0.972,1.3,0.204,0.0354,0.972,"glutamine"
"CHEBI:7916",TRUE,-0.318,0.613,0.933,0.0174,0.783,-2.51,0.0174,0.792,0.435,"pantothenate"
"CHEBI:16027",TRUE,-0.663,0.743,0.933,0.862,0.0675,1.11,0.276,-1.89,0.0675,"adenosine 5'-monophosphate (AMP)"
"CHEBI:17561",TRUE,-1.21,0.864,0.935,0.0396,0.93,-2.15,0.0396,1.51,0.141,"cysteine"
