"","in_pwy","impact","EMY.p","EMY.FDR","EM_dir.p","MY_dir.p","EM.t","EM.p","MY.t","MY.p","CHEBI"
"CHEBI:17295",TRUE,4.67,3.45e-05,0.0158,0.0022,0.00587,3.33,0.0022,2.96,0.00587,"phenylalanine"
"CHEBI:17895",TRUE,3.88,0.000434,0.116,0.0208,0.000464,2.43,0.0208,3.92,0.000464,"tyrosine"
"CHEBI:30851",TRUE,2.43,0.0177,0.677,0.0495,0.133,2.04,0.0495,1.54,0.133,"phenylpyruvate"
"CHEBI:15344",TRUE,1.99,0.0329,0.893,0.177,0.181,-1.38,0.177,-1.37,0.181,"acetoacetate"
"CHEBI:18012",TRUE,1.12,0.152,0.933,0.39,0.317,0.872,0.39,1.02,0.317,"fumarate"
"CHEBI:30915",TRUE,0.868,0.21,0.933,0.459,0.233,0.75,0.459,1.22,0.233,"alpha-ketoglutarate"
"CHEBI:16015",TRUE,-1.2,0.865,0.935,0.669,0.93,0.432,0.669,0.0882,0.93,"glutamate"
