"","in_pwy","impact","EMY.p","EMY.FDR","EM_dir.p","MY_dir.p","EM.t","EM.p","MY.t","MY.p","CHEBI"
"CHEBI:17884",TRUE,3.77,0.00128,0.22,0.022,0.0358,-2.41,0.022,-2.2,0.0358,"phenylacetylglutamine"
"CHEBI:30745",TRUE,0.162,0.443,0.933,0.0818,0.665,-1.8,0.0818,-0.437,0.665,"phenylacetate"
"CHEBI:16977",FALSE,0.0766,0.00245,0.225,0.0495,0.0236,2.04,0.0495,2.38,0.0236,"alanine"
"CHEBI:16414",FALSE,0.054,1.89e-05,0.013,0.000936,0.00434,3.65,0.000936,3.08,0.00434,"valine"
"ASAH2",FALSE,0.0474,0.00338,0.258,0.00198,0.0581,3.37,0.00198,1.97,0.0581,NA
"CHEBI:16027",TRUE,-0.66,0.743,0.933,0.862,0.0675,1.11,0.276,-1.89,0.0675,"adenosine 5'-monophosphate (AMP)"
"CHEBI:18050",TRUE,-1.74,0.945,0.965,0.204,0.972,1.3,0.204,0.0354,0.972,"glutamine"
