"","in_pwy","impact","EMY.p","EMY.FDR","EM_dir.p","MY_dir.p","EM.t","EM.p","MY.t","MY.p","CHEBI"
"CHEBI:16643",FALSE,0.147,0.067,0.933,0.259,0.00961,1.15,0.259,2.76,0.00961,"methionine"
"CHEBI:16414",FALSE,0.0802,1.89e-05,0.013,0.000936,0.00434,3.65,0.000936,3.08,0.00434,"valine"
"CHEBI:30797",FALSE,0.0777,0.151,0.933,0.0613,0.389,1.94,0.0613,0.873,0.389,"malate"
"CHEBI:17033",TRUE,-0.617,0.717,0.933,0.3,0.847,-1.05,0.3,-0.195,0.847,"bilirubin (E,E)*"
"CHEBI:16990",TRUE,-0.753,0.758,0.933,0.655,0.871,0.451,0.655,0.164,0.871,"bilirubin (Z,Z)"
"CHEBI:15428",TRUE,-0.878,0.801,0.933,0.261,0.895,-1.14,0.261,-0.133,0.895,"glycine"
"CHEBI:17627",TRUE,-1.04,0.812,0.933,0.901,0.0738,1.31,0.198,-1.85,0.0738,"heme"
