"","in_pwy","impact","EMY.p","EMY.FDR","EM_dir.p","MY_dir.p","EM.t","EM.p","MY.t","MY.p","CHEBI"
"CHEBI:16977",TRUE,3.03,0.00245,0.225,0.0495,0.0236,2.04,0.0495,2.38,0.0236,"alanine"
"CHEBI:30831",TRUE,0.707,0.259,0.933,0.301,0.508,1.05,0.301,-0.0214,0.983,"alpha-ketobutyrate"
"CHEBI:17115",TRUE,0.671,0.264,0.933,0.208,0.514,-1.28,0.208,0.0352,0.972,"serine"
"CHEBI:16335",TRUE,0.154,0.441,0.933,0.664,0.131,0.427,0.672,-1.55,0.131,"adenosine"
"CHEBI:16414",FALSE,0.15,1.89e-05,0.013,0.000936,0.00434,3.65,0.000936,3.08,0.00434,"valine"
"CHEBI:15603",FALSE,0.124,1.42e-05,0.013,0.000395,0.00376,3.96,0.000395,3.13,0.00376,"leucine"
"CHEBI:16027",TRUE,-0.678,0.743,0.933,0.862,0.0675,1.11,0.276,-1.89,0.0675,"adenosine 5'-monophosphate (AMP)"
