"","in_pwy","impact","EMY.p","EMY.FDR","EM_dir.p","MY_dir.p","EM.t","EM.p","MY.t","MY.p","CHEBI"
"CHEBI:16643",TRUE,1.59,0.067,0.933,0.259,0.00961,1.15,0.259,2.76,0.00961,"methionine"
"CHEBI:18367",TRUE,0.609,0.275,0.933,0.512,0.525,0.664,0.512,-0.0624,0.951,"phosphate"
"CHEBI:17509",TRUE,0.507,0.332,0.933,0.577,0.153,0.564,0.577,1.46,0.153,"5-methylthioadenosine (MTA)"
"CHEBI:17533",FALSE,0.114,0.00263,0.226,0.0513,0.00822,2.02,0.0513,2.82,0.00822,"N-acetylglutamate"
"CHEBI:15728",FALSE,0.0824,0.0672,0.933,0.0644,0.259,1.92,0.0644,1.15,0.259,"4-guanidinobutanoate"
"CHEBI:16414",FALSE,0.0642,1.89e-05,0.013,0.000936,0.00434,3.65,0.000936,3.08,0.00434,"valine"
"CHEBI:16610",TRUE,-1.06,0.811,0.933,0.901,0.0521,1.31,0.199,-2.02,0.0521,"spermidine"
