"","in_pwy","impact","EMY.p","EMY.FDR","EM_dir.p","MY_dir.p","EM.t","EM.p","MY.t","MY.p","CHEBI"
"ENPP7",TRUE,2.71,0.00805,0.418,0.0897,0.0168,1.75,0.0897,2.53,0.0168,NA
"CHEBI:16393",TRUE,0.718,0.264,0.933,0.419,0.514,0.819,0.419,-0.0359,0.972,"sphingosine"
"CHEBI:17115",TRUE,0.663,0.264,0.933,0.208,0.514,-1.28,0.208,0.0352,0.972,"serine"
"CHEBI:18367",TRUE,0.615,0.275,0.933,0.512,0.525,0.664,0.512,-0.0624,0.951,"phosphate"
"CHEBI:17522",FALSE,0.525,0.0045,0.317,0.036,0.0671,2.19,0.036,1.9,0.0671,"glycerol"
"CHEBI:16566",TRUE,-1.06,0.801,0.933,0.895,0.505,-0.133,0.895,0.0121,0.99,"sphinganine"
"ARSA",TRUE,-1.3,0.883,0.939,0.94,0.00456,-1.59,0.121,3.06,0.00456,NA
