"","in_pwy","impact","EMY.p","EMY.FDR","EM_dir.p","MY_dir.p","EM.t","EM.p","MY.t","MY.p","CHEBI"
"CHEBI:16668",TRUE,0.06,0.481,0.933,0.581,0.694,0.205,0.839,-0.397,0.694,"hypotaurine"
"CHEBI:16414",FALSE,0.0527,1.89e-05,0.013,0.000936,0.00434,3.65,0.000936,3.08,0.00434,"valine"
"CHEBI:30915",FALSE,0.0465,0.21,0.933,0.459,0.233,0.75,0.459,1.22,0.233,"alpha-ketoglutarate"
"CHEBI:16015",FALSE,-0.0722,0.865,0.935,0.669,0.93,0.432,0.669,0.0882,0.93,"glutamate"
"CHEBI:15891",TRUE,-0.394,0.642,0.933,0.147,0.801,1.49,0.147,-0.857,0.398,"taurine"
"CHEBI:41721",TRUE,-0.785,0.726,0.933,0.059,0.852,1.96,0.059,-1.06,0.296,"cysteine sulfinic acid"
"CHEBI:17561",TRUE,-1.18,0.864,0.935,0.0396,0.93,-2.15,0.0396,1.51,0.141,"cysteine"
