"","in_pwy","impact","EMY.p","EMY.FDR","EM_dir.p","MY_dir.p","EM.t","EM.p","MY.t","MY.p","CHEBI"
"CHEBI:17895",TRUE,3.51,0.000434,0.116,0.0208,0.000464,2.43,0.0208,3.92,0.000464,"tyrosine"
"TG",TRUE,0.806,0.21,0.933,0.458,0.388,0.751,0.458,0.876,0.388,NA
"CHEBI:16414",FALSE,0.0709,1.89e-05,0.013,0.000936,0.00434,3.65,0.000936,3.08,0.00434,"valine"
"PRSS1",FALSE,-0.0852,0.998,0.999,0.999,0.35,0.00127,0.999,0.949,0.35,NA
"CHEBI:18332",TRUE,-0.609,0.709,0.933,0.0644,0.842,1.92,0.0644,-1.02,0.316,"thyroxine"
"CHEBI:17627",TRUE,-0.895,0.812,0.933,0.901,0.0738,1.31,0.198,-1.85,0.0738,"heme"
"TPO",TRUE,-3.31,0.998,0.999,0.999,0.0504,-0.00142,0.999,-2.04,0.0504,NA
