"","in_pwy","impact","EMY.p","EMY.FDR","EM_dir.p","MY_dir.p","EM.t","EM.p","MY.t","MY.p","CHEBI"
"CHEBI:16414",TRUE,4.66,1.89e-05,0.013,0.000936,0.00434,3.65,0.000936,3.08,0.00434,"valine"
"CHEBI:15603",TRUE,4.55,1.42e-05,0.013,0.000395,0.00376,3.96,0.000395,3.13,0.00376,"leucine"
"CHEBI:35932",TRUE,2.9,0.0146,0.65,0.0142,0.121,2.59,0.0142,1.59,0.121,"3-methyl-2-oxovalerate"
"CHEBI:16530",TRUE,2.84,0.0183,0.679,7.74e-05,0.135,4.53,7.74e-05,1.53,0.135,"3-methyl-2-oxobutyrate"
"CHEBI:15344",TRUE,2.12,0.0329,0.893,0.177,0.181,-1.38,0.177,-1.37,0.181,"acetoacetate"
"CHEBI:15741",TRUE,1.58,0.0709,0.933,0.0638,0.266,1.92,0.0638,1.13,0.266,"succinate"
"CHEBI:37373",TRUE,-2.36,0.971,0.981,2.61e-05,0.985,4.91,2.61e-05,0.0183,0.985,"(S)-3-Hydroxyisobutyric acid"
