"","in_pwy","impact","EMY.p","EMY.FDR","EM_dir.p","MY_dir.p","EM.t","EM.p","MY.t","MY.p","CHEBI"
"CHEBI:17310",TRUE,0.238,0.434,0.933,0.659,0.611,0.446,0.659,0.514,0.611,"pyridoxal"
"CHEBI:16797",FALSE,0.0445,0.00814,0.418,0.0275,0.0902,2.31,0.0275,1.75,0.0902,"1-methylnicotinamide"
"CHEBI:16414",FALSE,0.0401,1.89e-05,0.013,0.000936,0.00434,3.65,0.000936,3.08,0.00434,"valine"
"CHEBI:17295",FALSE,0.0397,3.45e-05,0.0158,0.0022,0.00587,3.33,0.0022,2.96,0.00587,"phenylalanine"
"CHEBI:17405",TRUE,-0.466,0.654,0.933,0.809,0.289,0.244,0.809,1.08,0.289,"pyridoxate"
"ALPL",TRUE,-0.736,0.755,0.933,0.869,0.0952,1.14,0.262,-1.72,0.0952,NA
"PDXP",TRUE,-0.754,0.722,0.933,0.85,0.0999,1.05,0.3,-1.7,0.0999,NA
