"","DWM.avg","RYGB.avg","RYGBvsDWM.t","RYGBvsDWM.p","RYGBvsDWM.FDR","CHEBI"
"CHEBI:16977",-0.1078,-0.3544,-2.281,0.02858,0.3446,"alanine"
"CHEBI:15428",0.1964,0.329,1.453,0.1549,0.5428,"glycine"
"CHEBI:32816",-0.2622,-0.4603,-1.218,0.2313,0.5428,"pyruvate"
"CHEBI:16027",0.4007,-0.2448,-1.214,0.2328,0.5428,"adenosine 5'-monophosphate (AMP)"
"CHEBI:18367",0.05635,0.009885,-0.862,0.3944,0.6286,"phosphate"
"GPT",0.1333,0.05244,-0.6368,0.5283,0.7146,NA
"CHEBI:17191",-0.04429,-0.08314,-0.5618,0.5778,0.7527,"isoleucine"
"CHEBI:16015",-0.2246,-0.3188,-0.4112,0.6834,0.8185,"glutamate"
"CHEBI:30915",-0.1733,-0.2127,-0.3826,0.7042,0.836,"alpha-ketoglutarate"
