"","DWM.avg","RYGB.avg","RYGBvsDWM.t","RYGBvsDWM.p","RYGBvsDWM.FDR","CHEBI"
"CHEBI:32389",0.02574,-0.6819,-3.909,0.0003934,0.0258,"stearidonate (18:4n3)"
"CHEBI:28125",0.3477,-0.09634,-2.693,0.0107,0.2328,"docosahexaenoate (DHA; 22:6n3)"
"CHEBI:28364",0.2482,-0.3207,-2.546,0.01532,0.2716,"eicosapentaenoate (EPA; 20:5n3)"
"CHEBI:28661",0.139,-0.1982,-1.854,0.07193,0.4664,"linolenate [alpha or gamma; (18:3n3 or 6)]"
"CHEBI:53486",0.2186,0.07149,-1.148,0.2584,0.5573,"dihomo-linolenate (20:3n3 or n6)"
"CHEBI:17351",0.224,0.07979,-1.051,0.3004,0.5687,"linoleate (18:2n6)"
"CHEBI:65136",0.2841,0.1403,-0.9376,0.3547,0.5957,"docosapentaenoate (n3 DPA; 22:5n3)"
"CHEBI:15843",0.3232,0.2871,-0.2804,0.7808,0.8791,"arachidonate (20:4n6)"
"CHEBI:53487",0.2977,0.3081,0.05704,0.9548,0.9793,"adrenate (22:4n6)"
