"","DWM.avg","RYGB.avg","RYGBvsDWM.t","RYGBvsDWM.p","RYGBvsDWM.FDR","CHEBI"
"CHIT1",-0.03009,0.2063,2.281,0.02861,0.3446,NA
"NAGK",0.2624,-0.08697,-1.587,0.1213,0.5298,NA
"CHEBI:32816",-0.2622,-0.4603,-1.218,0.2313,0.5428,"pyruvate"
"CHEBI:18050",0.09937,0.01096,-1.161,0.2531,0.5536,"glutamine"
"CHEBI:28645",-0.2541,-0.4528,-1.035,0.3074,0.5701,"fructose"
"CHEBI:18367",0.05635,0.009885,-0.862,0.3944,0.6286,"phosphate"
"CHEBI:45744",0.1413,0.02009,-0.6197,0.5394,0.7225,"N-acetylneuraminate"
"CHEBI:16015",-0.2246,-0.3188,-0.4112,0.6834,0.8185,"glutamate"
