"","DWM.avg","RYGB.avg","RYGBvsDWM.t","RYGBvsDWM.p","RYGBvsDWM.FDR","CHEBI"
"LTA4H",0.005821,0.1962,1.459,0.1534,0.5428,NA
"CHEBI:17627",0.8245,-0.3491,-1.412,0.1665,0.5428,"heme"
"PTGS2",0.05069,-0.1119,-0.8444,0.4041,0.6324,NA
"CHEBI:16015",-0.2246,-0.3188,-0.4112,0.6834,0.8185,"glutamate"
"CHEBI:15843",0.3232,0.2871,-0.2804,0.7808,0.8791,"arachidonate (20:4n6)"
