"","DWM.avg","RYGB.avg","RYGBvsDWM.t","RYGBvsDWM.p","RYGBvsDWM.FDR","CHEBI"
"CHEBI:15891",0.3055,-0.1006,-1.698,0.09821,0.5009,"taurine"
"CHEBI:28834",-0.3757,-1.267,-1.457,0.1539,0.5428,"deoxycholate"
"CHEBI:15428",0.1964,0.329,1.453,0.1549,0.5428,"glycine"
"CHEBI:17627",0.8245,-0.3491,-1.412,0.1665,0.5428,"heme"
"CHEBI:15756",0.2007,0.06942,-1.156,0.2551,0.5536,"palmitate (16:0)"
"CHEBI:16525",-1.017,-1.547,-0.752,0.457,0.6617,"taurochenodeoxycholate"
"CHEBI:16359",-0.5047,-0.9261,-0.6866,0.4967,0.6937,"cholate"
"CHEBI:28865",-0.5977,-0.9713,-0.5813,0.5647,0.7412,"taurocholate"
