"","DWM.avg","RYGB.avg","RYGBvsDWM.t","RYGBvsDWM.p","RYGBvsDWM.FDR","CHEBI"
"CHEBI:30769",0.08454,0.2267,2,0.05311,0.429,"citrate"
"CHEBI:30797",0.2084,0.004634,-1.907,0.0646,0.4502,"malate"
"CHEBI:15741",0.1046,-0.06975,-1.779,0.0837,0.4785,"succinate"
"CHEBI:32816",-0.2622,-0.4603,-1.218,0.2313,0.5428,"pyruvate"
"CHEBI:18367",0.05635,0.009885,-0.862,0.3944,0.6286,"phosphate"
"CHEBI:18012",0.3163,0.09212,-0.7658,0.4488,0.6568,"fumarate"
"CHEBI:30887",0.4146,0.1234,-0.5412,0.5917,0.7607,"isocitrate"
"CHEBI:32805",0.2908,0.2106,-0.4512,0.6546,0.7969,"cis-aconitate"
"CHEBI:30915",-0.1733,-0.2127,-0.3826,0.7042,0.836,"alpha-ketoglutarate"
