"","DWM.avg","RYGB.avg","RYGBvsDWM.t","RYGBvsDWM.p","RYGBvsDWM.FDR","CHEBI"
"CHEBI:20067",0.7684,2.385,3.399,0.001668,0.06612,"3-hydroxybutyrate (BHBA)"
"CHEBI:28837",0.03194,-0.4652,-2.242,0.03123,0.3556,"caprylate (8:0)"
"CHEBI:28875",0.1402,-0.1724,-1.814,0.07808,0.4758,"myristate (14:0)"
"CHEBI:15344",0.8248,1.778,1.725,0.09307,0.4914,"acetoacetate"
"CHEBI:30794",-0.4559,0.3169,1.724,0.09328,0.4914,"malonate"
"CHEBI:30805",-0.02325,-0.2902,-1.51,0.1397,0.5428,"laurate (12:0)"
"CHEBI:15756",0.2007,0.06942,-1.156,0.2551,0.5536,"palmitate (16:0)"
"CHEBI:30813",-0.1221,-0.3261,-0.9341,0.3565,0.5972,"caprate (10:0)"
"CHEBI:30776",-0.06904,-0.195,-0.7143,0.4797,0.6803,"caproate (6:0)"
