"","DWM.avg","RYGB.avg","RYGBvsDWM.t","RYGBvsDWM.p","RYGBvsDWM.FDR","CHEBI"
"CHEBI:17522",0.1414,-0.1869,-1.911,0.06402,0.4502,"glycerol"
"CHEBI:32398",0.2034,-0.03571,-1.743,0.0899,0.4868,"glycerate"
"CHEBI:15799",-0.3774,0.483,1.534,0.1339,0.5428,"1-palmitoyl-GPA (16:0)"
"CHEBI:17050",0.7509,-0.3844,-1.479,0.148,0.5428,"3-phosphoglycerate"
"CHEBI:15756",0.2007,0.06942,-1.156,0.2551,0.5536,"palmitate (16:0)"
"CHEBI:17594",-0.3724,0.2043,0.9282,0.3595,0.6007,"hydroquinone sulfate"
"CHEBI:18367",0.05635,0.009885,-0.862,0.3944,0.6286,"phosphate"
"CHEBI:15978",-0.0694,-0.2512,-0.8472,0.4025,0.632,"glycerol 3-phosphate"
