"","DWM.avg","RYGB.avg","RYGBvsDWM.t","RYGBvsDWM.p","RYGBvsDWM.FDR","CHEBI"
"GPI",0.06748,-0.361,-2.218,0.03296,0.3631,NA
"GAPDH",0.1771,-0.2366,-1.675,0.1027,0.5085,NA
"TPI1",0.3202,-0.1901,-1.523,0.1365,0.5428,NA
"CHEBI:17050",0.7509,-0.3844,-1.479,0.148,0.5428,"3-phosphoglycerate"
"CHEBI:32816",-0.2622,-0.4603,-1.218,0.2313,0.5428,"pyruvate"
"PGAM1",-1.347,-0.5399,1.019,0.315,0.5709,NA
"CHEBI:18367",0.05635,0.009885,-0.862,0.3944,0.6286,"phosphate"
"CHEBI:17720",1.447,0.322,-0.8554,0.398,0.6297,"2,3-diphosphoglycerate"
