"","DWM.avg","RYGB.avg","RYGBvsDWM.t","RYGBvsDWM.p","RYGBvsDWM.FDR","CHEBI"
"ATP5B",0.1245,-0.2421,-2.031,0.04971,0.4123,NA
"CHEBI:15741",0.1046,-0.06975,-1.779,0.0837,0.4785,"succinate"
"GAPDH",0.1771,-0.2366,-1.675,0.1027,0.5085,NA
"CHEBI:17627",0.8245,-0.3491,-1.412,0.1665,0.5428,"heme"
"CHEBI:18367",0.05635,0.009885,-0.862,0.3944,0.6286,"phosphate"
"CHEBI:15978",-0.0694,-0.2512,-0.8472,0.4025,0.632,"glycerol 3-phosphate"
"CYCS",-0.08435,-0.1313,-0.8129,0.4216,0.6439,NA
"CHEBI:18012",0.3163,0.09212,-0.7658,0.4488,0.6568,"fumarate"
