"","DWM.avg","RYGB.avg","RYGBvsDWM.t","RYGBvsDWM.p","RYGBvsDWM.FDR","CHEBI"
"CHEBI:17268",0.05488,-0.2536,-2.263,0.02978,0.3446,"myo-inositol"
"PIK3CA",0.1385,-0.294,-2.182,0.03574,0.3725,NA
"CHEBI:18367",0.05635,0.009885,-0.862,0.3944,0.6286,"phosphate"
"ERBB2",-0.03318,0.03557,0.7171,0.478,0.6803,NA
"PTEN",0.01526,-0.05345,-0.5711,0.5715,0.7467,NA
