"","DWM.avg","RYGB.avg","RYGBvsDWM.t","RYGBvsDWM.p","RYGBvsDWM.FDR","CHEBI"
"CHEBI:17336",-0.08717,-0.6769,-6.407,2.013e-07,0.0002512,"retinol (Vitamin A)"
"PPIB",-0.06001,0.07106,1.801,0.08012,0.4771,NA
"CYP3A4",0.1031,-0.3345,-1.612,0.1156,0.5298,NA
"CHEBI:17627",0.8245,-0.3491,-1.412,0.1665,0.5428,"heme"
"ERP29",-0.06573,-0.1333,-1.196,0.2396,0.5455,NA
"CHEBI:16870",0.1814,0.2475,0.2858,0.7767,0.8766,"glycerophosphorylcholine (GPC)"
