"","DWM.avg","RYGB.avg","RYGBvsDWM.t","RYGBvsDWM.p","RYGBvsDWM.FDR","CHEBI"
"CHEBI:47937",0.05012,-0.8823,-2.238,0.03151,0.3556,"maltose"
"GPI",0.06748,-0.361,-2.218,0.03296,0.3631,NA
"CHEBI:17050",0.7509,-0.3844,-1.479,0.148,0.5428,"3-phosphoglycerate"
"CHEBI:28645",-0.2541,-0.4528,-1.035,0.3074,0.5701,"fructose"
"CHEBI:18367",0.05635,0.009885,-0.862,0.3944,0.6286,"phosphate"
"CHEBI:17992",-0.1616,-0.8576,-0.7839,0.4383,0.6537,"sucrose"
