"","DWM.avg","RYGB.avg","RYGBvsDWM.t","RYGBvsDWM.p","RYGBvsDWM.FDR","CHEBI"
"CHEBI:17895",-0.02138,-0.3132,-2.741,0.009488,0.2142,"tyrosine"
"CHEBI:18332",0.03679,-0.1425,-1.88,0.06828,0.4616,"thyroxine"
"CHEBI:17627",0.8245,-0.3491,-1.412,0.1665,0.5428,"heme"
"TG",0.02399,-0.007153,-0.5076,0.6149,0.7711,NA
"TPO",0.009279,0.01553,0.08113,0.9358,0.9698,NA
