"","DWM.avg","RYGB.avg","RYGBvsDWM.t","RYGBvsDWM.p","RYGBvsDWM.FDR","CHEBI"
"CHEBI:30769",0.08454,0.2267,2,0.05311,0.429,"citrate"
"CHEBI:30797",0.2084,0.004634,-1.907,0.0646,0.4502,"malate"
"MDH1",0.3807,-0.162,-1.569,0.1253,0.5357,NA
"CHEBI:32816",-0.2622,-0.4603,-1.218,0.2313,0.5428,"pyruvate"
"CHEBI:18367",0.05635,0.009885,-0.862,0.3944,0.6286,"phosphate"
