"","EMY.chisq","EMY.p","EMY.FDR","EM.z","EM.p","MY.z","MY.p","annot"
"CHEBI:16977",0.00149,0.969,0.978,1.87,0.0615,2.84,0.00454,"alanine"
"CHEBI:32816",0.0322,0.858,0.935,1.07,0.285,2.75,0.00601,"pyruvate"
"CHEBI:30915",0.0975,0.755,0.926,0.69,0.49,2.24,0.0248,"alpha-ketoglutarate"
"CHEBI:16027",1.32,0.251,0.925,1.08,0.278,-0.671,0.502,"adenosine 5'-monophosphate (AMP)"
"CHEBI:16015",0.923,0.337,0.925,0.421,0.674,-0.695,0.487,"glutamate"
"CHEBI:18367",0.139,0.709,0.926,0.551,0.581,1.06,0.288,"phosphate"
"CHEBI:15428",0.263,0.608,0.925,-1.04,0.297,-0.274,0.784,"glycine"
"CHEBI:17191",0.331,0.565,0.925,0.66,0.509,0.165,0.869,"isoleucine"
"GPT",0.529,0.467,0.826,0.329,0.742,-0.0825,0.934,"ALT"
