"","EMY.z","EMY.p","EMY.FDR","EM_dir.p","MY_dir.p","EM.z","EM.p","MY.z","MY.p","CHEBI"
"CHEBI:32389",-1.56,0.941,0.961,0.000863,0.941,-3.33,0.000863,1.56,0.118,"stearidonate (18:4n3)"
"CHEBI:28364",-0.662,0.746,0.901,0.012,0.746,-2.51,0.012,0.662,0.508,"eicosapentaenoate (EPA; 20:5n3)"
"CHEBI:28125",-0.984,0.838,0.913,0.0182,0.838,-2.36,0.0182,0.984,0.325,"docosahexaenoate (DHA; 22:6n3)"
"CHEBI:28661",-0.984,0.837,0.913,0.0647,0.837,-1.85,0.0647,0.984,0.325,"linolenate [alpha or gamma; (18:3n3 or 6)]"
"CHEBI:53486",-0.495,0.69,0.901,0.197,0.69,-1.29,0.197,0.495,0.621,"dihomo-linolenate (20:3n3 or n6)"
"CHEBI:17351",-0.72,0.764,0.904,0.341,0.764,-0.952,0.341,0.72,0.471,"linoleate (18:2n6)"
"CHEBI:65136",-0.777,0.782,0.904,0.36,0.782,-0.915,0.36,0.777,0.437,"docosapentaenoate (n3 DPA; 22:5n3)"
"CHEBI:15843",-0.425,0.665,0.901,0.665,0.612,-0.434,0.665,0.285,0.775,"arachidonate (20:4n6)"
"CHEBI:53487",-1.04,0.852,0.914,0.502,0.852,-0.0039,0.997,0.187,0.852,"adrenate (22:4n6)"
