"","EMY.z","EMY.p","EMY.FDR","EM_dir.p","MY_dir.p","EM.z","EM.p","MY.z","MY.p","CHEBI"
"CHIT1",1.48,0.0688,0.901,0.047,0.0688,1.99,0.047,1.48,0.138,NA
"CHEBI:32816",-1.1,0.864,0.918,0.864,0.00457,-1.1,0.271,2.84,0.00457,"pyruvate"
"CHEBI:45744",0.39,0.348,0.901,0.348,0.0686,-0.39,0.696,-1.82,0.0686,"N-acetylneuraminate"
"NAGK",0.553,0.29,0.901,0.201,0.29,-1.28,0.201,-0.553,0.58,NA
"CHEBI:18050",0.545,0.293,0.901,0.204,0.293,-1.27,0.204,-0.545,0.586,"glutamine"
"CHEBI:18367",-0.656,0.744,0.901,0.744,0.203,-0.656,0.512,1.27,0.203,"phosphate"
"CHEBI:16015",0.0506,0.48,0.901,0.334,0.48,-0.428,0.669,-0.707,0.48,"glutamate"
"CHEBI:28645",-0.939,0.826,0.912,0.826,0.245,-0.939,0.348,1.16,0.245,"fructose"
