"","EMY.z","EMY.p","EMY.FDR","EM_dir.p","MY_dir.p","EM.z","EM.p","MY.z","MY.p","CHEBI"
"CHEBI:32816",-1.1,0.864,0.918,0.864,0.00457,-1.1,0.271,2.84,0.00457,"pyruvate"
"CHEBI:30915",-0.741,0.771,0.904,0.771,0.015,-0.741,0.459,2.43,0.015,"alpha-ketoglutarate"
"CHEBI:30769",0.396,0.346,0.901,0.112,0.346,1.59,0.112,0.396,0.692,"citrate"
"CHEBI:15741",-0.987,0.838,0.913,0.0638,0.838,-1.85,0.0638,0.987,0.324,"succinate"
"CHEBI:30797",-1.87,0.969,0.976,0.969,0.0445,-1.87,0.0613,2.01,0.0445,"malate"
"CHEBI:18367",-0.656,0.744,0.901,0.744,0.203,-0.656,0.512,1.27,0.203,"phosphate"
"CHEBI:18012",-0.605,0.728,0.901,0.39,0.728,-0.86,0.39,0.605,0.545,"fumarate"
"CHEBI:32805",-0.787,0.784,0.904,0.415,0.784,-0.815,0.415,0.787,0.431,"cis-aconitate"
"CHEBI:30887",-0.068,0.527,0.901,0.527,0.462,-0.632,0.527,-0.0947,0.925,"isocitrate"
