"","EMY.chisq","EMY.p","EMY.FDR","EM.z","EM.p","MY.z","MY.p","annot"
"CHEBI:32816",0.0322,0.858,0.935,1.07,0.285,2.75,0.00601,"pyruvate"
"CHEBI:30915",0.0975,0.755,0.926,0.69,0.49,2.24,0.0248,"alpha-ketoglutarate"
"CHEBI:30797",0.00225,0.962,0.973,1.78,0.0757,1.89,0.0583,"malate"
"CHEBI:15741",0.0509,0.822,0.926,1.74,0.0817,0.921,0.357,"succinate"
"CHEBI:30769",0.829,0.362,0.925,-1.42,0.155,0.352,0.725,"citrate"
"CHEBI:18367",0.139,0.709,0.926,0.551,0.581,1.06,0.288,"phosphate"
"CHEBI:32805",0.0791,0.778,0.926,0.796,0.426,0.767,0.443,"cis-aconitate"
"CHEBI:18012",0.123,0.725,0.926,0.851,0.395,0.599,0.549,"fumarate"
"CHEBI:30887",0.54,0.462,0.925,0.629,0.529,-0.0942,0.925,"isocitrate"
