"","EMY.chisq","EMY.p","EMY.FDR","EM.z","EM.p","MY.z","MY.p","annot"
"CHEBI:20067",0.00603,0.938,0.973,-2.84,0.00455,-1.54,0.124,"3-hydroxybutyrate (BHBA)"
"CHEBI:15344",0.0126,0.911,0.964,-1.34,0.179,-2.03,0.0427,"acetoacetate"
"CHEBI:28837",0.192,0.662,0.926,2.32,0.0202,0.417,0.677,"caprylate (8:0)"
"CHEBI:28875",0.0753,0.784,0.926,1.78,0.0752,0.785,0.433,"myristate (14:0)"
"CHEBI:30813",0.0411,0.839,0.93,0.992,0.321,1.46,0.145,"caprate (10:0)"
"CHEBI:30794",0.051,0.821,0.926,-1.41,0.159,-0.92,0.357,"malonate"
"CHEBI:30805",0.195,0.659,0.926,1.66,0.0977,0.41,0.682,"laurate (12:0)"
"CHEBI:15756",0.0999,0.752,0.926,0.897,0.37,0.68,0.496,"palmitate (16:0)"
"CHEBI:30776",0.588,0.443,0.925,0.32,0.749,-0.143,0.886,"caproate (6:0)"
