"","EMY.z","EMY.p","EMY.FDR","EM_dir.p","MY_dir.p","EM.z","EM.p","MY.z","MY.p","CHEBI"
"CHEBI:20067",-1.55,0.939,0.959,0.00434,0.939,2.85,0.00434,-1.55,0.121,"3-hydroxybutyrate (BHBA)"
"CHEBI:28837",-0.424,0.664,0.901,0.0183,0.664,-2.36,0.0183,0.424,0.671,"caprylate (8:0)"
"CHEBI:15344",-1.35,0.912,0.942,0.912,0.0416,1.35,0.177,-2.04,0.0416,"acetoacetate"
"CHEBI:28875",-0.807,0.79,0.904,0.0678,0.79,-1.83,0.0678,0.807,0.419,"myristate (14:0)"
"CHEBI:30805",-0.42,0.663,0.901,0.0901,0.663,-1.69,0.0901,0.42,0.674,"laurate (12:0)"
"CHEBI:30813",-1.01,0.843,0.914,0.843,0.137,-1.01,0.313,1.49,0.137,"caprate (10:0)"
"CHEBI:30794",-0.931,0.824,0.911,0.155,0.824,1.42,0.155,-0.931,0.352,"malonate"
"CHEBI:15756",-0.721,0.764,0.904,0.343,0.764,-0.948,0.343,0.721,0.471,"palmitate (16:0)"
"CHEBI:30776",-0.655,0.744,0.901,0.744,0.442,-0.327,0.744,-0.147,0.883,"caproate (6:0)"
