"","EMY.z","EMY.p","EMY.FDR","EM_dir.p","MY_dir.p","EM.z","EM.p","MY.z","MY.p","CHEBI"
"CHEBI:32816",-1.1,0.864,0.918,0.864,0.00457,-1.1,0.271,2.84,0.00457,"pyruvate"
"CHEBI:16977",-1.96,0.975,0.98,0.975,0.00256,-1.96,0.0495,3.02,0.00256,"alanine"
"CHEBI:30915",-0.741,0.771,0.904,0.771,0.015,-0.741,0.459,2.43,0.015,"alpha-ketoglutarate"
"CHEBI:16015",0.0506,0.48,0.901,0.334,0.48,-0.428,0.669,-0.707,0.48,"glutamate"
"GPT",-0.512,0.696,0.901,0.696,0.491,-0.391,0.696,-0.0237,0.981,NA
