"","EMY.chisq","EMY.p","EMY.FDR","EM.z","EM.p","MY.z","MY.p","annot"
"CHEBI:16977",0.00149,0.969,0.978,1.87,0.0615,2.84,0.00454,"alanine"
"CHEBI:32816",0.0322,0.858,0.935,1.07,0.285,2.75,0.00601,"pyruvate"
"CHEBI:30915",0.0975,0.755,0.926,0.69,0.49,2.24,0.0248,"alpha-ketoglutarate"
"CHEBI:16015",0.923,0.337,0.925,0.421,0.674,-0.695,0.487,"glutamate"
"GPT",0.529,0.467,0.826,0.329,0.742,-0.0825,0.934,"ALT"
