"","EMY.z","EMY.p","EMY.FDR","EM_dir.p","MY_dir.p","EM.z","EM.p","MY.z","MY.p","CHEBI"
"CHEBI:16414",-0.959,0.831,0.912,0.000936,0.831,-3.31,0.000936,0.959,0.337,"valine"
"CHEBI:30915",-0.741,0.771,0.904,0.771,0.015,-0.741,0.459,2.43,0.015,"alpha-ketoglutarate"
"CHEBI:16027",0.595,0.276,0.901,0.276,0.25,-1.09,0.276,-0.674,0.5,"adenosine 5'-monophosphate (AMP)"
"CHEBI:30860",-0.0961,0.538,0.901,0.0609,0.538,-1.87,0.0609,0.0961,0.923,"methylmalonate (MMA)"
"CHEBI:16958",0.128,0.449,0.901,0.449,0.174,0.128,0.898,1.36,0.174,"beta-alanine"
"CHEBI:16015",0.0506,0.48,0.901,0.334,0.48,-0.428,0.669,-0.707,0.48,"glutamate"
