"","EMY.chisq","EMY.p","EMY.FDR","EM.z","EM.p","MY.z","MY.p","annot"
"CHEBI:32816",0.0322,0.858,0.935,1.07,0.285,2.75,0.00601,"pyruvate"
"CHEBI:422",0.00046,0.983,0.989,2.2,0.0281,2.12,0.0342,"lactate"
"CHEBI:16027",1.32,0.251,0.925,1.08,0.278,-0.671,0.502,"adenosine 5'-monophosphate (AMP)"
"CHEBI:30797",0.00225,0.962,0.973,1.78,0.0757,1.89,0.0583,"malate"
"CHEBI:18367",0.139,0.709,0.926,0.551,0.581,1.06,0.288,"phosphate"
"MDH1",0.218,0.641,0.826,1.12,0.261,0.361,0.718,"MDHC"
