"","EMY.z","EMY.p","EMY.FDR","EM_dir.p","MY_dir.p","EM.z","EM.p","MY.z","MY.p","CHEBI"
"CHEBI:32816",-1.1,0.864,0.918,0.864,0.00457,-1.1,0.271,2.84,0.00457,"pyruvate"
"CHEBI:16027",0.595,0.276,0.901,0.276,0.25,-1.09,0.276,-0.674,0.5,"adenosine 5'-monophosphate (AMP)"
"CHEBI:422",-2.18,0.985,0.989,0.0244,0.985,-2.25,0.0244,2.18,0.0293,"lactate"
"CHEBI:30797",-1.87,0.969,0.976,0.969,0.0445,-1.87,0.0613,2.01,0.0445,"malate"
"MDH1",-0.581,0.719,0.901,0.176,0.719,-1.35,0.176,0.581,0.561,NA
"CHEBI:18367",-0.656,0.744,0.901,0.744,0.203,-0.656,0.512,1.27,0.203,"phosphate"
