"","EMY.z","EMY.p","EMY.FDR","EM_dir.p","MY_dir.p","EM.z","EM.p","MY.z","MY.p","CHEBI"
"CHEBI:17336",-1.85,0.968,0.975,3.82e-06,0.968,-4.62,3.82e-06,1.85,0.0646,"retinol (Vitamin A)"
"CYP3A4",1.29,0.0984,0.901,0.0984,0.0942,-1.29,0.197,-1.67,0.0942,NA
"ERP29",0.989,0.161,0.901,0.161,0.144,-0.989,0.323,-1.46,0.144,NA
"PPIB",0.572,0.284,0.901,0.163,0.284,1.4,0.163,0.572,0.568,NA
"CHEBI:17627",-1.24,0.892,0.928,0.198,0.892,-1.29,0.198,1.24,0.216,"heme"
"CHEBI:16870",-0.00615,0.502,0.901,0.502,0.431,-0.00615,0.995,0.788,0.431,"glycerophosphorylcholine (GPC)"
