"","EMY.z","EMY.p","EMY.FDR","EM_dir.p","MY_dir.p","EM.z","EM.p","MY.z","MY.p","CHEBI"
"CHEBI:17895",-0.388,0.651,0.901,0.0208,0.651,-2.31,0.0208,0.388,0.698,"tyrosine"
"CHEBI:18332",-1.34,0.911,0.941,0.0644,0.911,-1.85,0.0644,1.34,0.179,"thyroxine"
"CHEBI:17627",-1.24,0.892,0.928,0.198,0.892,-1.29,0.198,1.24,0.216,"heme"
"TG",-0.00934,0.504,0.901,0.458,0.504,-0.741,0.458,0.00934,0.993,NA
"TPO",0.00141,0.499,0.901,0.499,0.445,0.00141,0.999,0.764,0.445,NA
