"","EMY.z","EMY.p","EMY.FDR","EM_dir.p","MY_dir.p","EM.z","EM.p","MY.z","MY.p","CHEBI"
"CHEBI:32816",-1.1,0.864,0.918,0.864,0.00457,-1.1,0.271,2.84,0.00457,"pyruvate"
"CHEBI:30769",0.396,0.346,0.901,0.112,0.346,1.59,0.112,0.396,0.692,"citrate"
"CHEBI:30797",-1.87,0.969,0.976,0.969,0.0445,-1.87,0.0613,2.01,0.0445,"malate"
"MDH1",-0.581,0.719,0.901,0.176,0.719,-1.35,0.176,0.581,0.561,NA
"CHEBI:18367",-0.656,0.744,0.901,0.744,0.203,-0.656,0.512,1.27,0.203,"phosphate"
